date,temperature_2m_mean,rain_sum
2022-08-13 00:00:00+02:00,7.102083,14.099999
2022-08-14 00:00:00+02:00,7.6145825,4.4999995
2022-08-15 00:00:00+02:00,7.8624997,0.0
2022-08-16 00:00:00+02:00,10.837501,0.0
2022-08-17 00:00:00+02:00,9.420834,45.100002
2022-08-18 00:00:00+02:00,9.729167,9.499999
2022-08-19 00:00:00+02:00,8.839583,10.000001
2022-08-20 00:00:00+02:00,8.397916,2.0
2022-08-21 00:00:00+02:00,8.666666,0.0
2022-08-22 00:00:00+02:00,10.2125,0.0
2022-08-23 00:00:00+02:00,17.208334,0.0
2022-08-24 00:00:00+02:00,13.572915,0.70000005
2022-08-25 00:00:00+02:00,10.495833,21.000002
2022-08-26 00:00:00+02:00,8.872916,2.6000004
2022-08-27 00:00:00+02:00,8.783334,2.7000003
2022-08-28 00:00:00+02:00,7.410416,0.2
2022-08-29 00:00:00+02:00,7.983333,0.70000005
2022-08-30 00:00:00+02:00,10.670834,0.0
2022-08-31 00:00:00+02:00,14.041667,0.0
2022-09-01 00:00:00+02:00,14.570834,1.2
2022-09-02 00:00:00+02:00,10.6125,5.4
2022-09-03 00:00:00+02:00,11.214583,0.5
2022-09-04 00:00:00+02:00,8.879166,39.9
2022-09-05 00:00:00+02:00,7.8729157,19.8
2022-09-06 00:00:00+02:00,10.125,0.8
2022-09-07 00:00:00+02:00,13.370833,0.0
2022-09-08 00:00:00+02:00,13.456248,0.0
2022-09-09 00:00:00+02:00,12.697918,0.0
2022-09-10 00:00:00+02:00,10.935417,1.3000001
2022-09-11 00:00:00+02:00,10.377084,3.3000002
2022-09-12 00:00:00+02:00,9.041667,0.0
2022-09-13 00:00:00+02:00,13.612498,0.0
2022-09-14 00:00:00+02:00,17.927084,0.0
2022-09-15 00:00:00+02:00,15.727084,0.0
2022-09-16 00:00:00+02:00,13.658333,0.3
2022-09-17 00:00:00+02:00,10.556249,0.6
2022-09-18 00:00:00+02:00,9.993752,0.6
2022-09-19 00:00:00+02:00,10.391667,0.0
2022-09-20 00:00:00+02:00,11.939583,0.0
2022-09-21 00:00:00+02:00,14.731251,0.0
2022-09-22 00:00:00+02:00,12.058333,7.3999996
2022-09-23 00:00:00+02:00,10.468749,1.0
2022-09-24 00:00:00+02:00,11.520833,0.0
2022-09-25 00:00:00+02:00,13.029166,0.1
2022-09-26 00:00:00+02:00,11.391666,2.4
2022-09-27 00:00:00+02:00,11.466667,0.0
2022-09-28 00:00:00+02:00,12.883334,0.0
2022-09-29 00:00:00+02:00,15.731251,0.0
2022-09-30 00:00:00+02:00,12.366668,0.4
2022-10-01 00:00:00+02:00,13.962502,0.0
2022-10-02 00:00:00+02:00,15.918751,0.0
2022-10-03 00:00:00+02:00,11.997917,2.4999998
2022-10-04 00:00:00+02:00,11.185416,0.0
2022-10-05 00:00:00+02:00,10.783333,0.0
2022-10-06 00:00:00+02:00,11.504167,2.8000004
2022-10-07 00:00:00+02:00,13.912499,0.0
2022-10-08 00:00:00+02:00,16.672918,0.0
2022-10-09 00:00:00+02:00,17.164583,0.0
2022-10-10 00:00:00+02:00,21.379168,0.0
2022-10-11 00:00:00+02:00,18.033335,0.0
2022-10-12 00:00:00+02:00,18.512503,0.0
2022-10-13 00:00:00+02:00,15.670835,0.0
2022-10-14 00:00:00+02:00,15.247917,0.0
2022-10-15 00:00:00+02:00,15.675,2.5
2022-10-16 00:00:00+02:00,19.456251,1.4
2022-10-17 00:00:00+02:00,16.658333,0.0
2022-10-18 00:00:00+02:00,18.462503,0.0
2022-10-19 00:00:00+02:00,18.966663,0.0
2022-10-20 00:00:00+02:00,15.281249,0.0
2022-10-21 00:00:00+02:00,15.541668,0.0
2022-10-22 00:00:00+02:00,17.850004,0.0
2022-10-23 00:00:00+02:00,19.685415,0.0
2022-10-24 00:00:00+02:00,18.941666,0.0
2022-10-25 00:00:00+02:00,15.481251,0.0
2022-10-26 00:00:00+02:00,18.88125,0.0
2022-10-27 00:00:00+02:00,17.120832,0.0
2022-10-28 00:00:00+02:00,19.477083,0.0
2022-10-29 00:00:00+02:00,19.210417,0.0
2022-10-30 00:00:00+02:00,14.897916,0.0
2022-10-31 00:00:00+02:00,14.797916,0.0
2022-11-01 00:00:00+02:00,17.977083,0.0
2022-11-02 00:00:00+02:00,20.24792,7.6999993
2022-11-03 00:00:00+02:00,19.060415,1.4000001
2022-11-04 00:00:00+02:00,19.870832,5.0999994
2022-11-05 00:00:00+02:00,19.654167,0.0
2022-11-06 00:00:00+02:00,21.197916,0.0
2022-11-07 00:00:00+02:00,17.062502,3.4
2022-11-08 00:00:00+02:00,14.633331,0.0
2022-11-09 00:00:00+02:00,13.370834,3.1
2022-11-10 00:00:00+02:00,17.89375,0.0
2022-11-11 00:00:00+02:00,17.981249,0.0
2022-11-12 00:00:00+02:00,15.412501,2.2
2022-11-13 00:00:00+02:00,15.591666,2.1999998
2022-11-14 00:00:00+02:00,19.24375,0.0
2022-11-15 00:00:00+02:00,16.1375,1.5
2022-11-16 00:00:00+02:00,15.808334,3.6999998
2022-11-17 00:00:00+02:00,15.618751,0.0
2022-11-18 00:00:00+02:00,14.6875,0.0
2022-11-19 00:00:00+02:00,14.031251,4.0
2022-11-20 00:00:00+02:00,16.179167,0.0
2022-11-21 00:00:00+02:00,16.841665,0.0
2022-11-22 00:00:00+02:00,18.2875,0.0
2022-11-23 00:00:00+02:00,15.372917,2.6000001
2022-11-24 00:00:00+02:00,13.883332,7.2
2022-11-25 00:00:00+02:00,13.974998,0.0
2022-11-26 00:00:00+02:00,15.966667,0.0
2022-11-27 00:00:00+02:00,19.04375,0.0
2022-11-28 00:00:00+02:00,23.293749,0.0
2022-11-29 00:00:00+02:00,22.966667,0.0
2022-11-30 00:00:00+02:00,18.025,0.5
2022-12-01 00:00:00+02:00,18.743752,0.0
2022-12-02 00:00:00+02:00,14.168751,4.7
2022-12-03 00:00:00+02:00,14.8708315,0.0
2022-12-04 00:00:00+02:00,15.756251,0.2
2022-12-05 00:00:00+02:00,15.374999,0.1
2022-12-06 00:00:00+02:00,16.272915,0.0
2022-12-07 00:00:00+02:00,16.527082,0.0
2022-12-08 00:00:00+02:00,22.985418,0.0
2022-12-09 00:00:00+02:00,21.170832,0.0
2022-12-10 00:00:00+02:00,20.733334,0.6
2022-12-11 00:00:00+02:00,22.870832,0.4
2022-12-12 00:00:00+02:00,21.339584,39.3
2022-12-13 00:00:00+02:00,18.985415,11.500001
2022-12-14 00:00:00+02:00,19.902082,0.0
2022-12-15 00:00:00+02:00,23.199999,0.0
2022-12-16 00:00:00+02:00,19.86458,22.0
2022-12-17 00:00:00+02:00,20.379168,0.8000001
2022-12-18 00:00:00+02:00,20.697916,0.0
2022-12-19 00:00:00+02:00,17.660418,0.0
2022-12-20 00:00:00+02:00,17.577082,0.0
2022-12-21 00:00:00+02:00,21.666664,0.0
2022-12-22 00:00:00+02:00,22.045832,0.0
2022-12-23 00:00:00+02:00,17.920834,0.8
2022-12-24 00:00:00+02:00,16.30625,3.3
2022-12-25 00:00:00+02:00,16.114584,0.0
2022-12-26 00:00:00+02:00,19.28333,0.0
2022-12-27 00:00:00+02:00,18.483332,0.0
2022-12-28 00:00:00+02:00,18.179167,0.7
2022-12-29 00:00:00+02:00,16.258335,0.8000001
2022-12-30 00:00:00+02:00,19.358334,0.0
2022-12-31 00:00:00+02:00,21.31875,0.0
2023-01-01 00:00:00+02:00,24.108332,0.0
2023-01-02 00:00:00+02:00,26.283333,0.0
2023-01-03 00:00:00+02:00,22.22917,0.2
2023-01-04 00:00:00+02:00,17.31458,2.8000002
2023-01-05 00:00:00+02:00,15.381251,0.5
2023-01-06 00:00:00+02:00,18.285416,0.0
2023-01-07 00:00:00+02:00,21.677086,0.0
2023-01-08 00:00:00+02:00,23.964584,0.0
2023-01-09 00:00:00+02:00,21.7125,0.0
2023-01-10 00:00:00+02:00,20.497915,0.0
2023-01-11 00:00:00+02:00,22.741667,0.0
2023-01-12 00:00:00+02:00,20.858334,0.0
2023-01-13 00:00:00+02:00,19.4625,0.0
2023-01-14 00:00:00+02:00,21.072916,0.4
2023-01-15 00:00:00+02:00,21.435415,0.0
2023-01-16 00:00:00+02:00,25.804167,0.0
2023-01-17 00:00:00+02:00,26.714579,0.0
2023-01-18 00:00:00+02:00,24.668755,0.4
2023-01-19 00:00:00+02:00,21.139582,0.0
2023-01-20 00:00:00+02:00,21.179163,0.0
2023-01-21 00:00:00+02:00,20.550001,0.0
2023-01-22 00:00:00+02:00,20.754168,0.0
2023-01-23 00:00:00+02:00,21.106249,0.0
2023-01-24 00:00:00+02:00,15.229165,6.2999997
2023-01-25 00:00:00+02:00,17.7125,0.0
2023-01-26 00:00:00+02:00,21.135416,0.0
2023-01-27 00:00:00+02:00,21.683332,0.0
2023-01-28 00:00:00+02:00,17.32292,0.90000004
2023-01-29 00:00:00+02:00,18.560417,0.0
2023-01-30 00:00:00+02:00,20.902082,0.0
2023-01-31 00:00:00+02:00,23.620834,0.0
2023-02-01 00:00:00+02:00,21.199999,0.0
2023-02-02 00:00:00+02:00,20.289583,0.0
2023-02-03 00:00:00+02:00,22.208334,0.0
2023-02-04 00:00:00+02:00,24.504168,0.0
2023-02-05 00:00:00+02:00,21.402084,0.0
2023-02-06 00:00:00+02:00,24.91667,0.3
2023-02-07 00:00:00+02:00,22.016668,3.0000002
2023-02-08 00:00:00+02:00,22.579165,0.0
2023-02-09 00:00:00+02:00,24.227083,0.0
2023-02-10 00:00:00+02:00,25.981253,0.0
2023-02-11 00:00:00+02:00,27.164581,0.0
2023-02-12 00:00:00+02:00,21.797918,0.0
2023-02-13 00:00:00+02:00,23.266665,0.0
2023-02-14 00:00:00+02:00,22.702085,0.0
2023-02-15 00:00:00+02:00,21.337496,0.1
2023-02-16 00:00:00+02:00,19.958332,0.2
2023-02-17 00:00:00+02:00,18.718748,4.5
2023-02-18 00:00:00+02:00,20.989584,0.0
2023-02-19 00:00:00+02:00,19.643747,0.70000005
2023-02-20 00:00:00+02:00,13.76875,42.499992
2023-02-21 00:00:00+02:00,13.674999,0.2
2023-02-22 00:00:00+02:00,18.312498,0.0
2023-02-23 00:00:00+02:00,21.664583,0.0
2023-02-24 00:00:00+02:00,19.06458,0.0
2023-02-25 00:00:00+02:00,17.477083,0.0
2023-02-26 00:00:00+02:00,19.664583,0.0
2023-02-27 00:00:00+02:00,21.14375,0.0
2023-02-28 00:00:00+02:00,22.622917,0.0
2023-03-01 00:00:00+02:00,22.835419,0.0
2023-03-02 00:00:00+02:00,25.11458,0.0
2023-03-03 00:00:00+02:00,19.118752,0.0
2023-03-04 00:00:00+02:00,20.925,2.1000001
2023-03-05 00:00:00+02:00,16.129166,40.999992
2023-03-06 00:00:00+02:00,16.504166,10.0
2023-03-07 00:00:00+02:00,18.064585,1.7
2023-03-08 00:00:00+02:00,15.460416,4.8999996
2023-03-09 00:00:00+02:00,14.514584,17.6
2023-03-10 00:00:00+02:00,15.431251,0.3
2023-03-11 00:00:00+02:00,14.543748,8.3
2023-03-12 00:00:00+02:00,17.385418,0.0
2023-03-13 00:00:00+02:00,20.279167,0.0
2023-03-14 00:00:00+02:00,20.797915,0.0
2023-03-15 00:00:00+02:00,22.235415,0.0
2023-03-16 00:00:00+02:00,24.514585,0.0
2023-03-17 00:00:00+02:00,17.764582,1.1
2023-03-18 00:00:00+02:00,16.008333,9.199999
2023-03-19 00:00:00+02:00,16.702085,0.0
2023-03-20 00:00:00+02:00,15.0625,10.400001
2023-03-21 00:00:00+02:00,15.810416,10.999999
2023-03-22 00:00:00+02:00,16.764584,0.0
2023-03-23 00:00:00+02:00,20.4,5.1000004
2023-03-24 00:00:00+02:00,17.366669,10.300001
2023-03-25 00:00:00+02:00,15.047916,25.0
2023-03-26 00:00:00+02:00,15.231251,0.4
2023-03-27 00:00:00+02:00,17.560415,0.0
2023-03-28 00:00:00+02:00,16.191666,0.0
2023-03-29 00:00:00+02:00,13.558333,0.3
2023-03-30 00:00:00+02:00,14.547916,0.0
2023-03-31 00:00:00+02:00,16.297916,0.0
2023-04-01 00:00:00+02:00,18.881248,0.0
2023-04-02 00:00:00+02:00,17.960417,0.0
2023-04-03 00:00:00+02:00,15.714583,1.1
2023-04-04 00:00:00+02:00,16.1,0.0
2023-04-05 00:00:00+02:00,21.160418,0.0
2023-04-06 00:00:00+02:00,21.320833,0.0
2023-04-07 00:00:00+02:00,14.95,8.600001
2023-04-08 00:00:00+02:00,12.729167,0.8
2023-04-09 00:00:00+02:00,11.989583,0.5
2023-04-10 00:00:00+02:00,11.833331,3.2
2023-04-11 00:00:00+02:00,12.079167,0.0
2023-04-12 00:00:00+02:00,13.75,0.0
2023-04-13 00:00:00+02:00,14.564582,2.7000003
2023-04-14 00:00:00+02:00,12.650001,0.70000005
2023-04-15 00:00:00+02:00,14.560417,0.0
2023-04-16 00:00:00+02:00,17.77917,0.0
2023-04-17 00:00:00+02:00,18.222918,0.0
2023-04-18 00:00:00+02:00,16.98125,0.0
2023-04-19 00:00:00+02:00,17.958334,0.0
2023-04-20 00:00:00+02:00,11.631248,27.400002
2023-04-21 00:00:00+02:00,9.470834,0.1
2023-04-22 00:00:00+02:00,10.585417,9.1
2023-04-23 00:00:00+02:00,14.0041685,40.800003
2023-04-24 00:00:00+02:00,15.1375,21.5
2023-04-25 00:00:00+02:00,13.664582,0.0
2023-04-26 00:00:00+02:00,14.1125,0.0
2023-04-27 00:00:00+02:00,12.520835,16.900002
2023-04-28 00:00:00+02:00,12.349999,1.6
2023-04-29 00:00:00+02:00,12.849999,0.70000005
2023-04-30 00:00:00+02:00,13.877083,0.0
2023-05-01 00:00:00+02:00,12.712501,0.0
2023-05-02 00:00:00+02:00,13.364582,0.4
2023-05-03 00:00:00+02:00,13.54375,0.0
2023-05-04 00:00:00+02:00,12.431251,0.0
2023-05-05 00:00:00+02:00,12.854167,0.0
2023-05-06 00:00:00+02:00,12.831249,0.2
2023-05-07 00:00:00+02:00,14.4124975,0.0
2023-05-08 00:00:00+02:00,13.281251,0.0
2023-05-09 00:00:00+02:00,14.033334,0.0
2023-05-10 00:00:00+02:00,18.193748,0.0
2023-05-11 00:00:00+02:00,11.216667,3.8999999
2023-05-12 00:00:00+02:00,9.716666,0.2
2023-05-13 00:00:00+02:00,11.183333,0.0
2023-05-14 00:00:00+02:00,12.397916,0.5
2023-05-15 00:00:00+02:00,12.691665,0.0
2023-05-16 00:00:00+02:00,11.549999,0.0
2023-05-17 00:00:00+02:00,10.566668,2.7
2023-05-18 00:00:00+02:00,10.2375,0.0
2023-05-19 00:00:00+02:00,9.454166,0.4
2023-05-20 00:00:00+02:00,11.091666,0.1
2023-05-21 00:00:00+02:00,11.612499,12.199999
2023-05-22 00:00:00+02:00,12.1125,0.0
2023-05-23 00:00:00+02:00,13.606248,0.0
2023-05-24 00:00:00+02:00,12.137498,0.0
2023-05-25 00:00:00+02:00,9.16875,64.6
2023-05-26 00:00:00+02:00,8.212501,2.7999997
2023-05-27 00:00:00+02:00,9.322917,0.0
2023-05-28 00:00:00+02:00,11.362499,0.1
2023-05-29 00:00:00+02:00,12.085418,9.299999
2023-05-30 00:00:00+02:00,10.256249,10.1
2023-05-31 00:00:00+02:00,12.495834,4.7
2023-06-01 00:00:00+02:00,13.393749,0.0
2023-06-02 00:00:00+02:00,13.514583,2.1000001
2023-06-03 00:00:00+02:00,10.177083,38.199997
2023-06-04 00:00:00+02:00,8.256251,24.300003
2023-06-05 00:00:00+02:00,7.6666665,0.4
2023-06-06 00:00:00+02:00,11.818749,0.0
2023-06-07 00:00:00+02:00,7.995833,9.8
2023-06-08 00:00:00+02:00,11.66875,34.899998
2023-06-09 00:00:00+02:00,11.541667,7.7999997
2023-06-10 00:00:00+02:00,10.939582,0.0
2023-06-11 00:00:00+02:00,9.6875,11.499999
2023-06-12 00:00:00+02:00,9.947915,16.5
2023-06-13 00:00:00+02:00,10.835418,47.499996
2023-06-14 00:00:00+02:00,10.404167,65.50001
2023-06-15 00:00:00+02:00,10.439582,39.199997
2023-06-16 00:00:00+02:00,10.547915,3.6
2023-06-17 00:00:00+02:00,10.735416,66.399994
2023-06-18 00:00:00+02:00,9.15625,11.999998
2023-06-19 00:00:00+02:00,8.368749,46.300007
2023-06-20 00:00:00+02:00,7.0125003,0.8
2023-06-21 00:00:00+02:00,8.685416,2.1999998
2023-06-22 00:00:00+02:00,12.0625,0.0
2023-06-23 00:00:00+02:00,12.6125,5.7999997
2023-06-24 00:00:00+02:00,12.070834,2.6999998
2023-06-25 00:00:00+02:00,11.362499,0.1
2023-06-26 00:00:00+02:00,11.647918,1.5000001
2023-06-27 00:00:00+02:00,11.341666,11.4
2023-06-28 00:00:00+02:00,9.614584,0.90000004
2023-06-29 00:00:00+02:00,10.022916,19.300001
2023-06-30 00:00:00+02:00,10.29375,3.6000004
2023-07-01 00:00:00+02:00,12.120833,0.0
2023-07-02 00:00:00+02:00,11.114585,0.0
2023-07-03 00:00:00+02:00,13.414584,0.0
2023-07-04 00:00:00+02:00,9.35,0.0
2023-07-05 00:00:00+02:00,9.172917,0.0
2023-07-06 00:00:00+02:00,16.21667,0.0
2023-07-07 00:00:00+02:00,11.158334,15.200001
2023-07-08 00:00:00+02:00,7.418751,35.2
2023-07-09 00:00:00+02:00,6.847916,4.1
2023-07-10 00:00:00+02:00,6.1499996,0.0
2023-07-11 00:00:00+02:00,8.329165,0.0
2023-07-12 00:00:00+02:00,11.322917,0.0
2023-07-13 00:00:00+02:00,12.597916,0.0
2023-07-14 00:00:00+02:00,16.072916,0.0
2023-07-15 00:00:00+02:00,11.412499,1.8000002
2023-07-16 00:00:00+02:00,10.956249,8.0
2023-07-17 00:00:00+02:00,13.339583,0.0
2023-07-18 00:00:00+02:00,9.985417,22.3
2023-07-19 00:00:00+02:00,7.3062496,0.6
2023-07-20 00:00:00+02:00,6.724999,0.0
2023-07-21 00:00:00+02:00,8.162501,0.0
2023-07-22 00:00:00+02:00,10.158334,1.5
2023-07-23 00:00:00+02:00,8.091666,2.0000002
2023-07-24 00:00:00+02:00,6.2937493,0.0
2023-07-25 00:00:00+02:00,7.975,0.0
2023-07-26 00:00:00+02:00,11.006249,0.4
2023-07-27 00:00:00+02:00,8.679167,0.0
2023-07-28 00:00:00+02:00,9.479166,16.800001
2023-07-29 00:00:00+02:00,7.6062493,10.000003
2023-07-30 00:00:00+02:00,6.858332,13.300001
2023-07-31 00:00:00+02:00,7.672917,9.500002
2023-08-01 00:00:00+02:00,6.9479165,0.0
2023-08-02 00:00:00+02:00,10.341665,0.0
2023-08-03 00:00:00+02:00,18.904167,0.0
2023-08-04 00:00:00+02:00,13.095832,0.0
2023-08-05 00:00:00+02:00,11.618752,0.0
2023-08-06 00:00:00+02:00,10.202083,0.0
2023-08-07 00:00:00+02:00,10.927083,0.0
2023-08-08 00:00:00+02:00,10.981251,0.3
2023-08-09 00:00:00+02:00,12.8875,0.0
2023-08-10 00:00:00+02:00,16.833334,0.0
2023-08-11 00:00:00+02:00,19.37292,0.0
2023-08-12 00:00:00+02:00,10.924999,1.2
2023-08-13 00:00:00+02:00,9.6604185,0.3
2023-08-14 00:00:00+02:00,7.4624996,0.0
2023-08-15 00:00:00+02:00,10.156251,0.0
2023-08-16 00:00:00+02:00,11.572915,0.9
2023-08-17 00:00:00+02:00,9.018749,23.800001
2023-08-18 00:00:00+02:00,9.970834,5.7000003
2023-08-19 00:00:00+02:00,10.85625,0.2
2023-08-20 00:00:00+02:00,10.104167,1.0
2023-08-21 00:00:00+02:00,10.366667,29.7
2023-08-22 00:00:00+02:00,9.625,37.300003
2023-08-23 00:00:00+02:00,8.4875,5.7
2023-08-24 00:00:00+02:00,7.5729165,0.0
2023-08-25 00:00:00+02:00,7.7104173,40.100006
2023-08-26 00:00:00+02:00,8.010416,1.9000001
2023-08-27 00:00:00+02:00,10.914584,0.0
2023-08-28 00:00:00+02:00,16.74375,0.0
2023-08-29 00:00:00+02:00,20.208332,0.0
2023-08-30 00:00:00+02:00,18.097918,0.0
2023-08-31 00:00:00+02:00,9.647917,6.7999997
2023-09-01 00:00:00+02:00,7.9375005,0.0
2023-09-02 00:00:00+02:00,7.5812507,2.7
2023-09-03 00:00:00+02:00,9.281251,0.4
2023-09-04 00:00:00+02:00,8.566667,1.0
2023-09-05 00:00:00+02:00,7.4229164,3.9999998
2023-09-06 00:00:00+02:00,7.6458325,0.1
2023-09-07 00:00:00+02:00,10.11875,0.0
2023-09-08 00:00:00+02:00,12.445834,0.0
2023-09-09 00:00:00+02:00,10.5,5.7
2023-09-10 00:00:00+02:00,9.18125,29.800001
2023-09-11 00:00:00+02:00,5.3875003,7.7
2023-09-12 00:00:00+02:00,6.9562497,0.0
2023-09-13 00:00:00+02:00,11.362499,0.1
2023-09-14 00:00:00+02:00,9.414583,14.0
2023-09-15 00:00:00+02:00,9.645833,19.300001
2023-09-16 00:00:00+02:00,8.095833,8.399999
2023-09-17 00:00:00+02:00,9.497916,0.4
2023-09-18 00:00:00+02:00,8.860415,0.0
2023-09-19 00:00:00+02:00,9.985415,12.0
2023-09-20 00:00:00+02:00,11.364583,4.4999995
2023-09-21 00:00:00+02:00,10.879167,11.700001
2023-09-22 00:00:00+02:00,12.272915,6.5
2023-09-23 00:00:00+02:00,10.3375,0.0
2023-09-24 00:00:00+02:00,11.60625,59.500008
2023-09-25 00:00:00+02:00,12.299999,52.499992
2023-09-26 00:00:00+02:00,12.468753,0.0
2023-09-27 00:00:00+02:00,14.03125,0.0
2023-09-28 00:00:00+02:00,16.839582,0.0
2023-09-29 00:00:00+02:00,17.479166,0.3
2023-09-30 00:00:00+02:00,11.183334,21.900002
2023-10-01 00:00:00+02:00,11.981251,0.0
2023-10-02 00:00:00+02:00,17.402082,0.0
2023-10-03 00:00:00+02:00,16.016668,0.0
2023-10-04 00:00:00+02:00,16.910418,2.8000002
2023-10-05 00:00:00+02:00,15.862498,0.0
2023-10-06 00:00:00+02:00,16.147917,0.8000001
2023-10-07 00:00:00+02:00,12.935417,1.4000001
2023-10-08 00:00:00+02:00,14.168751,0.0
2023-10-09 00:00:00+02:00,14.610416,0.0
2023-10-10 00:00:00+02:00,15.991666,0.0
2023-10-11 00:00:00+02:00,15.516666,0.3
2023-10-12 00:00:00+02:00,12.820832,2.1000001
2023-10-13 00:00:00+02:00,13.318749,0.0
2023-10-14 00:00:00+02:00,16.477085,0.3
2023-10-15 00:00:00+02:00,16.622915,0.0
2023-10-16 00:00:00+02:00,17.929167,0.0
2023-10-17 00:00:00+02:00,19.770834,0.0
2023-10-18 00:00:00+02:00,17.714582,0.0
2023-10-19 00:00:00+02:00,21.287502,0.0
2023-10-20 00:00:00+02:00,18.122917,0.2
2023-10-21 00:00:00+02:00,15.654167,1.8000002
2023-10-22 00:00:00+02:00,17.983334,0.0
2023-10-23 00:00:00+02:00,16.637499,0.3
2023-10-24 00:00:00+02:00,14.189584,2.8999999
2023-10-25 00:00:00+02:00,16.408333,0.0
2023-10-26 00:00:00+02:00,16.783335,0.0
2023-10-27 00:00:00+02:00,13.070832,3.3000002
2023-10-28 00:00:00+02:00,12.462501,0.0
2023-10-29 00:00:00+02:00,13.3625,0.0
2023-10-30 00:00:00+02:00,14.724998,0.0
2023-10-31 00:00:00+02:00,17.860418,0.0
2023-11-01 00:00:00+02:00,20.533333,0.0
2023-11-02 00:00:00+02:00,23.331251,0.0
2023-11-03 00:00:00+02:00,17.352083,1.6
2023-11-04 00:00:00+02:00,15.837498,2.0
2023-11-05 00:00:00+02:00,17.493752,0.0
2023-11-06 00:00:00+02:00,15.416669,0.7
2023-11-07 00:00:00+02:00,13.881249,3.8000002
2023-11-08 00:00:00+02:00,14.197915,0.0
2023-11-09 00:00:00+02:00,18.777084,0.0
2023-11-10 00:00:00+02:00,21.247915,0.0
2023-11-11 00:00:00+02:00,16.333334,0.4
2023-11-12 00:00:00+02:00,15.741666,0.1
2023-11-13 00:00:00+02:00,18.110415,0.0
2023-11-14 00:00:00+02:00,22.789581,0.0
2023-11-15 00:00:00+02:00,24.904165,0.0
2023-11-16 00:00:00+02:00,20.410414,0.0
2023-11-17 00:00:00+02:00,18.17292,0.0
2023-11-18 00:00:00+02:00,17.483335,0.1
2023-11-19 00:00:00+02:00,17.577084,0.0
2023-11-20 00:00:00+02:00,17.047918,21.9
2023-11-21 00:00:00+02:00,15.287499,10.9
2023-11-22 00:00:00+02:00,16.302084,0.6
2023-11-23 00:00:00+02:00,18.177084,0.1
2023-11-24 00:00:00+02:00,16.5375,0.0
2023-11-25 00:00:00+02:00,17.877083,0.0
2023-11-26 00:00:00+02:00,20.483332,0.0
2023-11-27 00:00:00+02:00,21.554163,0.0
2023-11-28 00:00:00+02:00,16.647915,0.4
2023-11-29 00:00:00+02:00,18.847918,0.0
2023-11-30 00:00:00+02:00,24.297915,0.0
2023-12-01 00:00:00+02:00,18.858334,0.0
2023-12-02 00:00:00+02:00,17.29375,0.0
2023-12-03 00:00:00+02:00,15.787499,0.0
2023-12-04 00:00:00+02:00,16.231249,0.0
2023-12-05 00:00:00+02:00,18.108335,0.0
2023-12-06 00:00:00+02:00,21.629166,0.0
2023-12-07 00:00:00+02:00,21.285414,0.0
2023-12-08 00:00:00+02:00,18.047916,4.3
2023-12-09 00:00:00+02:00,17.10625,1.5
2023-12-10 00:00:00+02:00,18.983332,0.0
2023-12-11 00:00:00+02:00,20.016665,0.0
2023-12-12 00:00:00+02:00,16.18125,0.0
2023-12-13 00:00:00+02:00,17.258333,0.0
2023-12-14 00:00:00+02:00,16.897917,0.0
2023-12-15 00:00:00+02:00,18.777082,0.0
2023-12-16 00:00:00+02:00,20.03542,0.0
2023-12-17 00:00:00+02:00,18.14375,0.0
2023-12-18 00:00:00+02:00,19.047918,0.0
2023-12-19 00:00:00+02:00,20.916666,0.0
2023-12-20 00:00:00+02:00,19.518751,0.0
2023-12-21 00:00:00+02:00,21.529167,0.0
2023-12-22 00:00:00+02:00,22.158333,0.0
2023-12-23 00:00:00+02:00,21.441668,0.4
2023-12-24 00:00:00+02:00,22.014582,0.0
2023-12-25 00:00:00+02:00,19.50625,0.0
2023-12-26 00:00:00+02:00,19.260418,0.0
2023-12-27 00:00:00+02:00,21.427084,0.0
2023-12-28 00:00:00+02:00,22.762499,0.0
2023-12-29 00:00:00+02:00,23.920832,0.0
2023-12-30 00:00:00+02:00,22.743752,0.0
2023-12-31 00:00:00+02:00,22.218752,0.2
2024-01-01 00:00:00+02:00,23.954168,0.0
2024-01-02 00:00:00+02:00,26.5375,0.0
2024-01-03 00:00:00+02:00,23.947914,0.0
2024-01-04 00:00:00+02:00,25.075003,0.0
2024-01-05 00:00:00+02:00,21.9625,0.1
2024-01-06 00:00:00+02:00,18.500002,8.1
2024-01-07 00:00:00+02:00,17.477081,0.0
2024-01-08 00:00:00+02:00,19.410418,0.0
2024-01-09 00:00:00+02:00,21.812502,0.0
2024-01-10 00:00:00+02:00,19.487497,0.0
2024-01-11 00:00:00+02:00,22.664583,0.0
2024-01-12 00:00:00+02:00,22.145834,0.0
2024-01-13 00:00:00+02:00,21.664583,0.0
2024-01-14 00:00:00+02:00,20.2875,0.0
2024-01-15 00:00:00+02:00,20.497917,0.0
2024-01-16 00:00:00+02:00,20.060415,0.0
2024-01-17 00:00:00+02:00,20.787498,0.0
2024-01-18 00:00:00+02:00,23.991669,0.0
2024-01-19 00:00:00+02:00,28.012499,0.0
2024-01-20 00:00:00+02:00,26.57292,0.0
2024-01-21 00:00:00+02:00,21.474998,0.0
2024-01-22 00:00:00+02:00,20.083334,0.0
2024-01-23 00:00:00+02:00,23.239584,0.0
2024-01-24 00:00:00+02:00,26.968752,0.0
2024-01-25 00:00:00+02:00,26.258333,0.0
2024-01-26 00:00:00+02:00,24.612497,0.0
2024-01-27 00:00:00+02:00,24.539581,0.0
2024-01-28 00:00:00+02:00,21.329166,0.5
2024-01-29 00:00:00+02:00,20.235416,2.4
2024-01-30 00:00:00+02:00,21.343748,2.2
2024-01-31 00:00:00+02:00,23.179169,0.0
2024-02-01 00:00:00+02:00,25.852083,0.0
2024-02-02 00:00:00+02:00,29.310417,0.0
2024-02-03 00:00:00+02:00,28.058334,0.2
2024-02-04 00:00:00+02:00,24.391665,0.0
2024-02-05 00:00:00+02:00,21.235416,0.0
2024-02-06 00:00:00+02:00,20.416666,4.9
2024-02-07 00:00:00+02:00,18.602083,5.9
2024-02-08 00:00:00+02:00,17.974998,0.6
2024-02-09 00:00:00+02:00,16.437498,0.8
2024-02-10 00:00:00+02:00,18.704165,0.0
2024-02-11 00:00:00+02:00,23.660414,0.0
2024-02-12 00:00:00+02:00,25.143747,0.0
2024-02-13 00:00:00+02:00,20.245832,0.0
2024-02-14 00:00:00+02:00,19.883333,0.0
2024-02-15 00:00:00+02:00,15.166668,7.8999987
2024-02-16 00:00:00+02:00,15.274999,0.5
2024-02-17 00:00:00+02:00,16.522917,0.0
2024-02-18 00:00:00+02:00,21.520834,0.0
2024-02-19 00:00:00+02:00,25.472914,0.0
2024-02-20 00:00:00+02:00,22.047915,0.0
2024-02-21 00:00:00+02:00,18.727083,0.0
2024-02-22 00:00:00+02:00,18.629168,0.0
2024-02-23 00:00:00+02:00,19.572914,0.0
2024-02-24 00:00:00+02:00,17.122915,4.7
2024-02-25 00:00:00+02:00,15.439584,0.2
2024-02-26 00:00:00+02:00,17.574999,0.0
2024-02-27 00:00:00+02:00,21.156252,0.0
2024-02-28 00:00:00+02:00,26.4625,0.0
2024-02-29 00:00:00+02:00,23.166664,0.0
2024-03-01 00:00:00+02:00,19.095835,0.0
2024-03-02 00:00:00+02:00,20.18125,0.0
2024-03-03 00:00:00+02:00,21.949999,0.0
2024-03-04 00:00:00+02:00,15.795833,22.100002
2024-03-05 00:00:00+02:00,15.5979185,2.7999997
2024-03-06 00:00:00+02:00,16.849998,0.5
2024-03-07 00:00:00+02:00,18.466667,0.6
2024-03-08 00:00:00+02:00,18.875,2.5
2024-03-09 00:00:00+02:00,20.210417,0.0
2024-03-10 00:00:00+02:00,21.5625,0.0
2024-03-11 00:00:00+02:00,23.466667,0.0
2024-03-12 00:00:00+02:00,20.039583,0.0
2024-03-13 00:00:00+02:00,17.258333,0.0
2024-03-14 00:00:00+02:00,18.447916,0.0
2024-03-15 00:00:00+02:00,20.029167,0.0
2024-03-16 00:00:00+02:00,17.989584,0.2
2024-03-17 00:00:00+02:00,19.729168,0.0
2024-03-18 00:00:00+02:00,23.224998,0.0
2024-03-19 00:00:00+02:00,22.235415,0.0
2024-03-20 00:00:00+02:00,24.89167,0.0
2024-03-21 00:00:00+02:00,26.63542,0.0
2024-03-22 00:00:00+02:00,22.958334,1.5
2024-03-23 00:00:00+02:00,17.702082,0.5
2024-03-24 00:00:00+02:00,16.88542,0.1
2024-03-25 00:00:00+02:00,17.375002,0.0
2024-03-26 00:00:00+02:00,17.739584,0.0
2024-03-27 00:00:00+02:00,18.475,0.0
2024-03-28 00:00:00+02:00,19.349998,0.0
2024-03-29 00:00:00+02:00,19.639582,0.0
2024-03-30 00:00:00+02:00,24.695831,0.0
2024-03-31 00:00:00+02:00,19.358334,2.1000001
2024-04-01 00:00:00+02:00,15.116666,2.7
2024-04-02 00:00:00+02:00,16.612501,0.3
2024-04-03 00:00:00+02:00,19.845833,0.0
2024-04-04 00:00:00+02:00,17.933336,0.0
2024-04-05 00:00:00+02:00,15.120834,0.3
2024-04-06 00:00:00+02:00,15.399999,0.0
2024-04-07 00:00:00+02:00,15.902083,0.5
2024-04-08 00:00:00+02:00,16.56458,27.2
2024-04-09 00:00:00+02:00,15.747917,4.0999994
2024-04-10 00:00:00+02:00,14.772918,0.0
2024-04-11 00:00:00+02:00,14.962499,0.0
2024-04-12 00:00:00+02:00,14.862499,0.0
2024-04-13 00:00:00+02:00,15.272919,0.0
2024-04-14 00:00:00+02:00,16.804167,0.0
2024-04-15 00:00:00+02:00,17.95833,0.0
2024-04-16 00:00:00+02:00,20.127083,0.0
2024-04-17 00:00:00+02:00,18.891666,0.0
2024-04-18 00:00:00+02:00,18.229166,0.0
2024-04-19 00:00:00+02:00,23.481249,0.0
2024-04-20 00:00:00+02:00,17.779167,0.0
2024-04-21 00:00:00+02:00,17.40625,0.0
2024-04-22 00:00:00+02:00,15.129166,0.0
2024-04-23 00:00:00+02:00,15.737499,0.0
2024-04-24 00:00:00+02:00,15.916667,0.0
2024-04-25 00:00:00+02:00,16.266668,0.0
2024-04-26 00:00:00+02:00,17.7625,0.0
2024-04-27 00:00:00+02:00,20.4375,0.0
2024-04-28 00:00:00+02:00,17.752085,0.0
2024-04-29 00:00:00+02:00,17.21875,0.0
2024-04-30 00:00:00+02:00,15.316666,0.0
2024-05-01 00:00:00+02:00,15.277084,0.2
2024-05-02 00:00:00+02:00,19.6375,0.0
2024-05-03 00:00:00+02:00,20.745834,0.0
2024-05-04 00:00:00+02:00,13.795835,9.000002
2024-05-05 00:00:00+02:00,12.818751,0.2
2024-05-06 00:00:00+02:00,13.964584,0.0
2024-05-07 00:00:00+02:00,14.575001,4.8
2024-05-08 00:00:00+02:00,12.945832,0.0
2024-05-09 00:00:00+02:00,12.099998,0.0
2024-05-10 00:00:00+02:00,10.825001,14.599999
2024-05-11 00:00:00+02:00,10.672917,0.0
2024-05-12 00:00:00+02:00,12.14375,0.0
2024-05-13 00:00:00+02:00,15.618751,0.0
2024-05-14 00:00:00+02:00,18.547918,0.0
2024-05-15 00:00:00+02:00,15.560416,0.0
2024-05-16 00:00:00+02:00,15.752083,0.0
2024-05-17 00:00:00+02:00,15.087502,0.0
2024-05-18 00:00:00+02:00,15.691667,0.0
2024-05-19 00:00:00+02:00,16.277082,0.0
2024-05-20 00:00:00+02:00,14.810416,0.0
2024-05-21 00:00:00+02:00,12.883334,0.0
2024-05-22 00:00:00+02:00,14.804168,0.0
2024-05-23 00:00:00+02:00,14.818748,0.0
2024-05-24 00:00:00+02:00,14.729167,0.0
2024-05-25 00:00:00+02:00,14.720834,0.0
2024-05-26 00:00:00+02:00,13.302083,0.0
2024-05-27 00:00:00+02:00,15.337502,0.0
2024-05-28 00:00:00+02:00,21.029167,0.0
2024-05-29 00:00:00+02:00,21.09375,0.0
2024-05-30 00:00:00+02:00,11.620833,25.0
2024-05-31 00:00:00+02:00,9.127083,0.0
2024-06-01 00:00:00+02:00,9.41875,0.0
2024-06-02 00:00:00+02:00,10.425001,0.8000001
2024-06-03 00:00:00+02:00,9.702084,9.3
2024-06-04 00:00:00+02:00,13.064584,33.699997
2024-06-05 00:00:00+02:00,11.939583,20.5
2024-06-06 00:00:00+02:00,10.277083,19.999998
2024-06-07 00:00:00+02:00,11.029168,2.1
2024-06-08 00:00:00+02:00,10.402083,0.0
2024-06-09 00:00:00+02:00,11.491668,0.0
2024-06-10 00:00:00+02:00,14.362498,0.0
2024-06-11 00:00:00+02:00,16.050001,6.0
2024-06-12 00:00:00+02:00,11.733334,10.199999
2024-06-13 00:00:00+02:00,11.360417,0.0
2024-06-14 00:00:00+02:00,14.154167,0.0
2024-06-15 00:00:00+02:00,11.541667,0.0
2024-06-16 00:00:00+02:00,16.641668,0.0
2024-06-17 00:00:00+02:00,15.66875,0.8
2024-06-18 00:00:00+02:00,12.01875,27.3
2024-06-19 00:00:00+02:00,10.608334,16.300001
2024-06-20 00:00:00+02:00,10.631249,0.0
2024-06-21 00:00:00+02:00,11.510417,28.499998
2024-06-22 00:00:00+02:00,11.860416,0.4
2024-06-23 00:00:00+02:00,14.1833315,0.0
2024-06-24 00:00:00+02:00,11.29375,0.0
2024-06-25 00:00:00+02:00,11.137501,0.0
2024-06-26 00:00:00+02:00,12.360416,0.0
2024-06-27 00:00:00+02:00,16.087503,0.0
2024-06-28 00:00:00+02:00,16.410418,0.0
2024-06-29 00:00:00+02:00,16.341665,0.90000004
2024-06-30 00:00:00+02:00,12.729165,0.5
2024-07-01 00:00:00+02:00,9.508333,0.0
2024-07-02 00:00:00+02:00,9.529167,0.3
2024-07-03 00:00:00+02:00,9.329166,31.6
2024-07-04 00:00:00+02:00,9.300001,12.4
2024-07-05 00:00:00+02:00,8.872916,9.599999
2024-07-06 00:00:00+02:00,11.693749,0.0
2024-07-07 00:00:00+02:00,7.8770833,67.19999
2024-07-08 00:00:00+02:00,4.875,13.999999
2024-07-09 00:00:00+02:00,7.6354175,50.699997
2024-07-10 00:00:00+02:00,9.887501,31.600002
2024-07-11 00:00:00+02:00,10.974999,71.0
2024-07-12 00:00:00+02:00,8.727084,51.4
2024-07-13 00:00:00+02:00,7.5416665,21.8
2024-07-14 00:00:00+02:00,7.2791667,28.800001
2024-07-15 00:00:00+02:00,9.989584,0.4
2024-07-16 00:00:00+02:00,9.360416,6.900001
2024-07-17 00:00:00+02:00,9.725001,1.4
2024-07-18 00:00:00+02:00,9.20625,43.799995
2024-07-19 00:00:00+02:00,9.283334,24.799997
2024-07-20 00:00:00+02:00,8.408333,6.899999
2024-07-21 00:00:00+02:00,6.6729164,0.0
2024-07-22 00:00:00+02:00,7.7083344,0.0
2024-07-23 00:00:00+02:00,10.266667,0.2
2024-07-24 00:00:00+02:00,9.583333,2.4
2024-07-25 00:00:00+02:00,9.825,0.0
2024-07-26 00:00:00+02:00,10.51875,14.4
2024-07-27 00:00:00+02:00,8.783332,40.299995
2024-07-28 00:00:00+02:00,5.5020833,12.700003
2024-07-29 00:00:00+02:00,7.058333,7.7000003
2024-07-30 00:00:00+02:00,7.6250005,2.2999997
2024-07-31 00:00:00+02:00,6.2250004,0.0
2024-08-01 00:00:00+02:00,6.9583325,0.0
2024-08-02 00:00:00+02:00,6.49375,0.0
2024-08-03 00:00:00+02:00,11.8125,0.0
2024-08-04 00:00:00+02:00,7.4854164,20.5
2024-08-05 00:00:00+02:00,6.866667,0.4
2024-08-06 00:00:00+02:00,9.402082,0.0
2024-08-07 00:00:00+02:00,10.475,0.0
2024-08-08 00:00:00+02:00,8.729166,17.0
2024-08-09 00:00:00+02:00,9.402082,22.200003
2024-08-10 00:00:00+02:00,10.170833,43.699997
2024-08-11 00:00:00+02:00,9.577083,4.5999994
2024-08-12 00:00:00+02:00,9.514583,0.4
2024-08-13 00:00:00+02:00,9.883334,35.8
2024-08-14 00:00:00+02:00,7.260416,0.1
2024-08-15 00:00:00+02:00,8.754167,0.0
2024-08-16 00:00:00+02:00,10.760415,0.0
2024-08-17 00:00:00+02:00,8.910417,1.7000002
2024-08-18 00:00:00+02:00,10.052083,2.3000002
2024-08-19 00:00:00+02:00,12.510417,0.0
2024-08-20 00:00:00+02:00,11.600002,0.0
2024-08-21 00:00:00+02:00,8.716667,11.500001
2024-08-22 00:00:00+02:00,9.139583,0.0
2024-08-23 00:00:00+02:00,15.983334,0.0
2024-08-24 00:00:00+02:00,10.129166,23.1
2024-08-25 00:00:00+02:00,9.529167,0.8000001
2024-08-26 00:00:00+02:00,9.885415,25.9
2024-08-27 00:00:00+02:00,8.839582,37.9
2024-08-28 00:00:00+02:00,4.714583,5.8000007
2024-08-29 00:00:00+02:00,5.570833,0.0
2024-08-30 00:00:00+02:00,9.6375,0.0
2024-08-31 00:00:00+02:00,13.814586,0.0
2024-09-01 00:00:00+02:00,12.591667,0.0
2024-09-02 00:00:00+02:00,19.85,0.0
2024-09-03 00:00:00+02:00,13.825,0.0
2024-09-04 00:00:00+02:00,11.164584,1.5000001
2024-09-05 00:00:00+02:00,8.006251,0.1
2024-09-06 00:00:00+02:00,8.614583,0.0
2024-09-07 00:00:00+02:00,9.164583,0.0
2024-09-08 00:00:00+02:00,8.627084,0.8000001
2024-09-09 00:00:00+02:00,9.797918,0.0
2024-09-10 00:00:00+02:00,11.041667,0.0
2024-09-11 00:00:00+02:00,13.104165,0.0
2024-09-12 00:00:00+02:00,10.945832,0.1
2024-09-13 00:00:00+02:00,10.447917,0.0
2024-09-14 00:00:00+02:00,12.172917,0.0
2024-09-15 00:00:00+02:00,11.381248,0.3
2024-09-16 00:00:00+02:00,12.025001,0.0
2024-09-17 00:00:00+02:00,10.460418,0.0
2024-09-18 00:00:00+02:00,8.610417,9.000002
2024-09-19 00:00:00+02:00,9.395833,0.0
2024-09-20 00:00:00+02:00,10.977082,0.0
2024-09-21 00:00:00+02:00,12.081252,0.0
2024-09-22 00:00:00+02:00,14.8875,0.0
2024-09-23 00:00:00+02:00,19.725,0.0
2024-09-24 00:00:00+02:00,12.604165,0.0
2024-09-25 00:00:00+02:00,10.510416,3.8
2024-09-26 00:00:00+02:00,12.683334,0.3
2024-09-27 00:00:00+02:00,13.054166,0.0
2024-09-28 00:00:00+02:00,9.395834,21.0
2024-09-29 00:00:00+02:00,7.3541675,26.200003
2024-09-30 00:00:00+02:00,6.55625,12.200001
2024-10-01 00:00:00+02:00,9.079167,0.0
2024-10-02 00:00:00+02:00,12.927082,0.0
2024-10-03 00:00:00+02:00,17.529165,0.0
2024-10-04 00:00:00+02:00,23.254166,0.0
2024-10-05 00:00:00+02:00,23.441668,0.0
2024-10-06 00:00:00+02:00,22.497915,0.0
2024-10-07 00:00:00+02:00,19.729166,0.0
2024-10-08 00:00:00+02:00,20.44375,0.0
2024-10-09 00:00:00+02:00,14.979168,0.0
2024-10-10 00:00:00+02:00,12.741668,0.5
2024-10-11 00:00:00+02:00,14.829166,0.0
2024-10-12 00:00:00+02:00,14.708335,0.0
2024-10-13 00:00:00+02:00,15.34375,0.0
2024-10-14 00:00:00+02:00,13.141666,0.0
2024-10-15 00:00:00+02:00,15.920834,0.0
2024-10-16 00:00:00+02:00,18.002083,0.0
2024-10-17 00:00:00+02:00,13.964583,0.3
2024-10-18 00:00:00+02:00,13.756248,0.2
2024-10-19 00:00:00+02:00,12.045834,0.0
2024-10-20 00:00:00+02:00,13.641666,0.0
2024-10-21 00:00:00+02:00,15.785417,0.0
2024-10-22 00:00:00+02:00,17.3375,0.0
2024-10-23 00:00:00+02:00,21.091665,0.0
2024-10-24 00:00:00+02:00,17.172916,0.0
2024-10-25 00:00:00+02:00,15.2625,0.0
2024-10-26 00:00:00+02:00,17.393751,0.4
2024-10-27 00:00:00+02:00,11.341667,44.4
2024-10-28 00:00:00+02:00,14.960416,11.700001
2024-10-29 00:00:00+02:00,15.739583,0.0
2024-10-30 00:00:00+02:00,16.4375,0.0
2024-10-31 00:00:00+02:00,19.104166,0.0
2024-11-01 00:00:00+02:00,19.420835,0.0
2024-11-02 00:00:00+02:00,16.766666,0.0
2024-11-03 00:00:00+02:00,13.962501,0.8000001
2024-11-04 00:00:00+02:00,9.477084,4.4999995
2024-11-05 00:00:00+02:00,11.843749,0.0
2024-11-06 00:00:00+02:00,15.552081,0.0
2024-11-07 00:00:00+02:00,17.750002,0.0
2024-11-08 00:00:00+02:00,19.56875,0.0
2024-11-09 00:00:00+02:00,18.33125,0.0
2024-11-10 00:00:00+02:00,16.039583,0.0
2024-11-11 00:00:00+02:00,18.322918,0.0
2024-11-12 00:00:00+02:00,16.958334,0.0
2024-11-13 00:00:00+02:00,17.5875,0.1
2024-11-14 00:00:00+02:00,19.564585,0.0
2024-11-15 00:00:00+02:00,21.485418,0.0
2024-11-16 00:00:00+02:00,19.531252,0.0
2024-11-17 00:00:00+02:00,20.414583,0.0
2024-11-18 00:00:00+02:00,19.018747,0.0
2024-11-19 00:00:00+02:00,20.818752,0.0
2024-11-20 00:00:00+02:00,22.472918,5.1
2024-11-21 00:00:00+02:00,20.966667,0.0
2024-11-22 00:00:00+02:00,17.82708,0.1
2024-11-23 00:00:00+02:00,17.358334,0.0
2024-11-24 00:00:00+02:00,19.86875,0.0
2024-11-25 00:00:00+02:00,16.03333,3.7
2024-11-26 00:00:00+02:00,12.772918,11.3
2024-11-27 00:00:00+02:00,13.9645815,6.3
2024-11-28 00:00:00+02:00,16.856249,0.0
2024-11-29 00:00:00+02:00,19.410414,0.0
2024-11-30 00:00:00+02:00,18.16667,0.0
2024-12-01 00:00:00+02:00,18.643751,0.0
2024-12-02 00:00:00+02:00,18.849997,0.5
2024-12-03 00:00:00+02:00,17.5375,7.4
2024-12-04 00:00:00+02:00,17.139584,0.4
2024-12-05 00:00:00+02:00,16.30625,1.5000001
2024-12-06 00:00:00+02:00,15.012498,15.099999
2024-12-07 00:00:00+02:00,16.664583,0.0
2024-12-08 00:00:00+02:00,17.964582,0.0
2024-12-09 00:00:00+02:00,19.922916,0.0
2024-12-10 00:00:00+02:00,20.285416,0.0
2024-12-11 00:00:00+02:00,20.254168,0.0
2024-12-12 00:00:00+02:00,16.614584,1.0000001
2024-12-13 00:00:00+02:00,14.34375,5.4999995
2024-12-14 00:00:00+02:00,17.68125,0.0
2024-12-15 00:00:00+02:00,13.660416,5.7999997
2024-12-16 00:00:00+02:00,13.600001,0.0
2024-12-17 00:00:00+02:00,14.752084,0.1
2024-12-18 00:00:00+02:00,17.402082,0.0
2024-12-19 00:00:00+02:00,19.960415,0.0
2024-12-20 00:00:00+02:00,19.864584,0.0
2024-12-21 00:00:00+02:00,20.641666,0.0
2024-12-22 00:00:00+02:00,21.331251,0.0
2024-12-23 00:00:00+02:00,18.645832,0.0
2024-12-24 00:00:00+02:00,21.643747,0.0
2024-12-25 00:00:00+02:00,26.96875,0.0
2024-12-26 00:00:00+02:00,26.872917,0.0
2024-12-27 00:00:00+02:00,19.745832,1.8000001
2024-12-28 00:00:00+02:00,23.081247,0.0
2024-12-29 00:00:00+02:00,20.141666,1.2
2024-12-30 00:00:00+02:00,17.995834,5.1
2024-12-31 00:00:00+02:00,16.920835,4.6
2025-01-01 00:00:00+02:00,16.941666,0.0
2025-01-02 00:00:00+02:00,20.285416,0.0
2025-01-03 00:00:00+02:00,21.881248,0.0
2025-01-04 00:00:00+02:00,20.170834,0.0
2025-01-05 00:00:00+02:00,17.6625,0.6
2025-01-06 00:00:00+02:00,18.460415,0.0
2025-01-07 00:00:00+02:00,17.475,0.0
2025-01-08 00:00:00+02:00,17.985416,0.0
2025-01-09 00:00:00+02:00,18.7125,0.8
2025-01-10 00:00:00+02:00,19.691668,0.3
2025-01-11 00:00:00+02:00,18.418749,0.0
2025-01-12 00:00:00+02:00,19.852083,0.0
2025-01-13 00:00:00+02:00,21.983332,0.0
2025-01-14 00:00:00+02:00,16.993748,3.8
2025-01-15 00:00:00+02:00,14.837499,1.0
2025-01-16 00:00:00+02:00,17.729166,0.0
2025-01-17 00:00:00+02:00,21.75,0.0
2025-01-18 00:00:00+02:00,19.997915,0.0
2025-01-19 00:00:00+02:00,18.131248,0.0
2025-01-20 00:00:00+02:00,18.795834,0.0
2025-01-21 00:00:00+02:00,22.704165,0.0
2025-01-22 00:00:00+02:00,26.816668,0.0
2025-01-23 00:00:00+02:00,21.741667,0.0
2025-01-24 00:00:00+02:00,22.881254,0.0
2025-01-25 00:00:00+02:00,25.10833,0.0
2025-01-26 00:00:00+02:00,23.502085,0.0
2025-01-27 00:00:00+02:00,20.172916,0.0
2025-01-28 00:00:00+02:00,24.122917,0.0
2025-01-29 00:00:00+02:00,23.377083,0.0
2025-01-30 00:00:00+02:00,18.974997,2.0000002
2025-01-31 00:00:00+02:00,17.031252,5.799999
2025-02-01 00:00:00+02:00,18.125,0.0
2025-02-02 00:00:00+02:00,17.814585,0.2
2025-02-03 00:00:00+02:00,20.645834,0.0
2025-02-04 00:00:00+02:00,21.035418,0.0
2025-02-05 00:00:00+02:00,17.010416,0.2
2025-02-06 00:00:00+02:00,19.264582,0.0
2025-02-07 00:00:00+02:00,24.25625,0.0
2025-02-08 00:00:00+02:00,19.75625,0.2
2025-02-09 00:00:00+02:00,19.308332,0.0
2025-02-10 00:00:00+02:00,20.481249,0.0
2025-02-11 00:00:00+02:00,22.639582,0.0
2025-02-12 00:00:00+02:00,22.879166,0.0
2025-02-13 00:00:00+02:00,18.997917,0.1
2025-02-14 00:00:00+02:00,18.512499,0.0
2025-02-15 00:00:00+02:00,21.870834,0.0
2025-02-16 00:00:00+02:00,21.96875,0.0
2025-02-17 00:00:00+02:00,23.197916,0.0
2025-02-18 00:00:00+02:00,21.15833,0.0
2025-02-19 00:00:00+02:00,24.472918,0.0
2025-02-20 00:00:00+02:00,26.1,0.0
2025-02-21 00:00:00+02:00,21.841667,0.0
2025-02-22 00:00:00+02:00,19.899998,0.0
2025-02-23 00:00:00+02:00,19.770834,0.0
2025-02-24 00:00:00+02:00,20.785416,0.0
2025-02-25 00:00:00+02:00,19.679169,0.0
2025-02-26 00:00:00+02:00,22.72917,0.0
2025-02-27 00:00:00+02:00,22.091667,0.4
2025-02-28 00:00:00+02:00,20.97083,0.5
2025-03-01 00:00:00+02:00,20.789583,1.4
2025-03-02 00:00:00+02:00,23.004168,0.2
2025-03-03 00:00:00+02:00,24.889585,0.0
2025-03-04 00:00:00+02:00,21.522917,0.4
2025-03-05 00:00:00+02:00,22.783333,0.0
2025-03-06 00:00:00+02:00,20.010416,1.0
2025-03-07 00:00:00+02:00,21.977081,0.0
2025-03-08 00:00:00+02:00,22.837502,0.0
2025-03-09 00:00:00+02:00,18.929167,0.5
2025-03-10 00:00:00+02:00,18.295835,0.0
2025-03-11 00:00:00+02:00,21.566666,0.0
2025-03-12 00:00:00+02:00,22.512499,0.0
2025-03-13 00:00:00+02:00,20.220833,0.0
2025-03-14 00:00:00+02:00,23.424997,0.0
2025-03-15 00:00:00+02:00,21.127085,0.0
2025-03-16 00:00:00+02:00,18.339582,0.3
2025-03-17 00:00:00+02:00,19.383333,0.0
2025-03-18 00:00:00+02:00,24.549997,0.0
2025-03-19 00:00:00+02:00,27.747917,0.0
2025-03-20 00:00:00+02:00,22.81875,7.7999997
2025-03-21 00:00:00+02:00,20.270834,11.099999
2025-03-22 00:00:00+02:00,19.070833,8.1
2025-03-23 00:00:00+02:00,16.591665,10.899999
2025-03-24 00:00:00+02:00,16.597918,0.9000001
2025-03-25 00:00:00+02:00,15.131251,5.2999997
2025-03-26 00:00:00+02:00,16.027084,0.0
2025-03-27 00:00:00+02:00,18.520832,0.0
2025-03-28 00:00:00+02:00,19.9625,0.0
2025-03-29 00:00:00+02:00,16.693752,0.0
2025-03-30 00:00:00+02:00,17.483335,0.0
2025-03-31 00:00:00+02:00,18.664585,0.0
2025-04-01 00:00:00+02:00,17.393751,0.0
2025-04-02 00:00:00+02:00,16.9125,0.0
2025-04-03 00:00:00+02:00,20.887499,0.0
2025-04-04 00:00:00+02:00,22.256248,0.0
2025-04-05 00:00:00+02:00,21.997917,0.0
2025-04-06 00:00:00+02:00,24.866663,0.0
2025-04-07 00:00:00+02:00,22.066666,2.5
2025-04-08 00:00:00+02:00,16.816668,40.8
2025-04-09 00:00:00+02:00,16.922916,5.1
2025-04-10 00:00:00+02:00,19.108335,0.0
2025-04-11 00:00:00+02:00,19.893751,0.0
2025-04-12 00:00:00+02:00,14.78125,8.600001
2025-04-13 00:00:00+02:00,14.320831,0.3
2025-04-14 00:00:00+02:00,13.143749,0.2
2025-04-15 00:00:00+02:00,14.316666,0.0
2025-04-16 00:00:00+02:00,15.556249,0.0
2025-04-17 00:00:00+02:00,17.941666,0.0
2025-04-18 00:00:00+02:00,19.702084,0.0
2025-04-19 00:00:00+02:00,18.26042,0.0
2025-04-20 00:00:00+02:00,16.364584,0.0
2025-04-21 00:00:00+02:00,14.695834,0.0
2025-04-22 00:00:00+02:00,15.322917,0.0
2025-04-23 00:00:00+02:00,15.583332,0.0
2025-04-24 00:00:00+02:00,16.143751,0.0
2025-04-25 00:00:00+02:00,19.199999,0.0
2025-04-26 00:00:00+02:00,20.93125,0.0
2025-04-27 00:00:00+02:00,23.2125,0.0
2025-04-28 00:00:00+02:00,18.172918,0.0
2025-04-29 00:00:00+02:00,14.816667,0.1
2025-04-30 00:00:00+02:00,13.587501,0.3
